fault,build,ms_since_injection
TIM-01 Infinite loop,baseline,-2502.7
TIM-01 Infinite loop,baseline,-2402.7
TIM-01 Infinite loop,baseline,-2302.7
TIM-01 Infinite loop,baseline,-2202.7
TIM-01 Infinite loop,baseline,-2102.7
TIM-01 Infinite loop,baseline,-2002.7
TIM-01 Infinite loop,baseline,-1902.7
TIM-01 Infinite loop,baseline,-1802.7
TIM-01 Infinite loop,baseline,-1702.7
TIM-01 Infinite loop,baseline,-1602.7
TIM-01 Infinite loop,baseline,-1502.7
TIM-01 Infinite loop,baseline,-1402.7
TIM-01 Infinite loop,baseline,-1302.7
TIM-01 Infinite loop,baseline,-1202.7
TIM-01 Infinite loop,baseline,-1102.7
TIM-01 Infinite loop,baseline,-1002.7
TIM-01 Infinite loop,baseline,-902.7
TIM-01 Infinite loop,baseline,-802.7
TIM-01 Infinite loop,baseline,-702.7
TIM-01 Infinite loop,baseline,-602.7
TIM-01 Infinite loop,baseline,-502.7
TIM-01 Infinite loop,baseline,-402.7
TIM-01 Infinite loop,baseline,-302.7
TIM-01 Infinite loop,baseline,-202.7
TIM-01 Infinite loop,baseline,-102.7
TIM-01 Infinite loop,recovery,-2502.8
TIM-01 Infinite loop,recovery,-2402.8
TIM-01 Infinite loop,recovery,-2302.8
TIM-01 Infinite loop,recovery,-2202.8
TIM-01 Infinite loop,recovery,-2102.8
TIM-01 Infinite loop,recovery,-2002.8
TIM-01 Infinite loop,recovery,-1902.8
TIM-01 Infinite loop,recovery,-1802.8
TIM-01 Infinite loop,recovery,-1702.8
TIM-01 Infinite loop,recovery,-1602.8
TIM-01 Infinite loop,recovery,-1502.8
TIM-01 Infinite loop,recovery,-1402.8
TIM-01 Infinite loop,recovery,-1302.8
TIM-01 Infinite loop,recovery,-1202.8
TIM-01 Infinite loop,recovery,-1102.8
TIM-01 Infinite loop,recovery,-1002.8
TIM-01 Infinite loop,recovery,-902.8
TIM-01 Infinite loop,recovery,-802.8
TIM-01 Infinite loop,recovery,-702.8
TIM-01 Infinite loop,recovery,-602.8
TIM-01 Infinite loop,recovery,-502.8
TIM-01 Infinite loop,recovery,-402.8
TIM-01 Infinite loop,recovery,-302.8
TIM-01 Infinite loop,recovery,-202.8
TIM-01 Infinite loop,recovery,-102.8
TIM-01 Infinite loop,recovery,400.5
TIM-01 Infinite loop,recovery,500.5
TIM-01 Infinite loop,recovery,600.5
TIM-01 Infinite loop,recovery,700.5
TIM-01 Infinite loop,recovery,800.5
TIM-01 Infinite loop,recovery,900.5
TIM-01 Infinite loop,recovery,1000.5
TIM-01 Infinite loop,recovery,1100.5
TIM-01 Infinite loop,recovery,1200.5
TIM-01 Infinite loop,recovery,1300.5
TIM-01 Infinite loop,recovery,1400.5
TIM-01 Infinite loop,recovery,1500.5
TIM-01 Infinite loop,recovery,1600.5
TIM-01 Infinite loop,recovery,1700.5
TIM-01 Infinite loop,recovery,1800.5
TIM-01 Infinite loop,recovery,1900.5
TIM-01 Infinite loop,recovery,2000.5
TIM-01 Infinite loop,recovery,2100.5
TIM-01 Infinite loop,recovery,2200.5
TIM-01 Infinite loop,recovery,2300.5
TIM-01 Infinite loop,recovery,2400.5
TIM-01 Infinite loop,recovery,2500.5
TIM-01 Infinite loop,recovery,2600.5
TIM-01 Infinite loop,recovery,2700.5
TIM-01 Infinite loop,recovery,2800.5
TIM-01 Infinite loop,recovery,2900.5
TIM-01 Infinite loop,recovery,3000.5
TIM-01 Infinite loop,recovery,3100.5
TIM-01 Infinite loop,recovery,3200.5
TIM-01 Infinite loop,recovery,3300.5
TIM-01 Infinite loop,recovery,3400.5
TIM-01 Infinite loop,recovery,3500.5
TIM-01 Infinite loop,recovery,3600.5
TIM-02 Blocked task,baseline,-2502.7
TIM-02 Blocked task,baseline,-2402.7
TIM-02 Blocked task,baseline,-2302.7
TIM-02 Blocked task,baseline,-2202.7
TIM-02 Blocked task,baseline,-2102.7
TIM-02 Blocked task,baseline,-2002.7
TIM-02 Blocked task,baseline,-1902.7
TIM-02 Blocked task,baseline,-1802.7
TIM-02 Blocked task,baseline,-1702.7
TIM-02 Blocked task,baseline,-1602.7
TIM-02 Blocked task,baseline,-1502.7
TIM-02 Blocked task,baseline,-1402.7
TIM-02 Blocked task,baseline,-1302.7
TIM-02 Blocked task,baseline,-1202.7
TIM-02 Blocked task,baseline,-1102.7
TIM-02 Blocked task,baseline,-1002.7
TIM-02 Blocked task,baseline,-902.7
TIM-02 Blocked task,baseline,-802.7
TIM-02 Blocked task,baseline,-702.7
TIM-02 Blocked task,baseline,-602.7
TIM-02 Blocked task,baseline,-502.7
TIM-02 Blocked task,baseline,-402.7
TIM-02 Blocked task,baseline,-302.7
TIM-02 Blocked task,baseline,-202.7
TIM-02 Blocked task,baseline,-102.7
TIM-02 Blocked task,baseline,-2.7
TIM-02 Blocked task,recovery,-2502.8
TIM-02 Blocked task,recovery,-2402.8
TIM-02 Blocked task,recovery,-2302.8
TIM-02 Blocked task,recovery,-2202.8
TIM-02 Blocked task,recovery,-2102.8
TIM-02 Blocked task,recovery,-2002.8
TIM-02 Blocked task,recovery,-1902.8
TIM-02 Blocked task,recovery,-1802.8
TIM-02 Blocked task,recovery,-1702.8
TIM-02 Blocked task,recovery,-1602.8
TIM-02 Blocked task,recovery,-1502.8
TIM-02 Blocked task,recovery,-1402.8
TIM-02 Blocked task,recovery,-1302.8
TIM-02 Blocked task,recovery,-1202.8
TIM-02 Blocked task,recovery,-1102.8
TIM-02 Blocked task,recovery,-1002.8
TIM-02 Blocked task,recovery,-902.8
TIM-02 Blocked task,recovery,-802.8
TIM-02 Blocked task,recovery,-702.8
TIM-02 Blocked task,recovery,-602.8
TIM-02 Blocked task,recovery,-502.8
TIM-02 Blocked task,recovery,-402.8
TIM-02 Blocked task,recovery,-302.8
TIM-02 Blocked task,recovery,-202.8
TIM-02 Blocked task,recovery,-102.8
TIM-02 Blocked task,recovery,-2.8
TIM-02 Blocked task,recovery,487.1
TIM-02 Blocked task,recovery,587.1
TIM-02 Blocked task,recovery,687.1
TIM-02 Blocked task,recovery,787.1
TIM-02 Blocked task,recovery,887.1
TIM-02 Blocked task,recovery,987.1
TIM-02 Blocked task,recovery,1087.1
TIM-02 Blocked task,recovery,1187.1
TIM-02 Blocked task,recovery,1287.1
TIM-02 Blocked task,recovery,1387.1
TIM-02 Blocked task,recovery,1487.1
TIM-02 Blocked task,recovery,1587.1
TIM-02 Blocked task,recovery,1687.1
TIM-02 Blocked task,recovery,1787.1
TIM-02 Blocked task,recovery,1887.1
TIM-02 Blocked task,recovery,1987.1
TIM-02 Blocked task,recovery,2087.1
TIM-02 Blocked task,recovery,2187.1
TIM-02 Blocked task,recovery,2287.1
TIM-02 Blocked task,recovery,2387.1
TIM-02 Blocked task,recovery,2487.1
TIM-02 Blocked task,recovery,2587.1
TIM-02 Blocked task,recovery,2687.1
TIM-02 Blocked task,recovery,2787.1
TIM-02 Blocked task,recovery,2887.1
TIM-02 Blocked task,recovery,2987.1
TIM-02 Blocked task,recovery,3087.1
TIM-02 Blocked task,recovery,3187.1
TIM-02 Blocked task,recovery,3287.1
TIM-02 Blocked task,recovery,3387.1
TIM-02 Blocked task,recovery,3487.1
TIM-02 Blocked task,recovery,3587.1
TIM-02 Blocked task,recovery,3687.1
MEM-02 Stack corruption,baseline,-2502.7
MEM-02 Stack corruption,baseline,-2402.7
MEM-02 Stack corruption,baseline,-2302.7
MEM-02 Stack corruption,baseline,-2202.7
MEM-02 Stack corruption,baseline,-2102.7
MEM-02 Stack corruption,baseline,-2002.7
MEM-02 Stack corruption,baseline,-1902.7
MEM-02 Stack corruption,baseline,-1802.7
MEM-02 Stack corruption,baseline,-1702.7
MEM-02 Stack corruption,baseline,-1602.7
MEM-02 Stack corruption,baseline,-1502.7
MEM-02 Stack corruption,baseline,-1402.7
MEM-02 Stack corruption,baseline,-1302.7
MEM-02 Stack corruption,baseline,-1202.7
MEM-02 Stack corruption,baseline,-1102.7
MEM-02 Stack corruption,baseline,-1002.7
MEM-02 Stack corruption,baseline,-902.7
MEM-02 Stack corruption,baseline,-802.7
MEM-02 Stack corruption,baseline,-702.7
MEM-02 Stack corruption,baseline,-602.7
MEM-02 Stack corruption,baseline,-502.7
MEM-02 Stack corruption,baseline,-402.7
MEM-02 Stack corruption,baseline,-302.7
MEM-02 Stack corruption,baseline,-202.7
MEM-02 Stack corruption,baseline,-102.7
MEM-02 Stack corruption,baseline,-2.7
MEM-02 Stack corruption,recovery,-2502.8
MEM-02 Stack corruption,recovery,-2402.8
MEM-02 Stack corruption,recovery,-2302.8
MEM-02 Stack corruption,recovery,-2202.8
MEM-02 Stack corruption,recovery,-2102.8
MEM-02 Stack corruption,recovery,-2002.8
MEM-02 Stack corruption,recovery,-1902.8
MEM-02 Stack corruption,recovery,-1802.8
MEM-02 Stack corruption,recovery,-1702.8
MEM-02 Stack corruption,recovery,-1602.8
MEM-02 Stack corruption,recovery,-1502.8
MEM-02 Stack corruption,recovery,-1402.8
MEM-02 Stack corruption,recovery,-1302.8
MEM-02 Stack corruption,recovery,-1202.8
MEM-02 Stack corruption,recovery,-1102.8
MEM-02 Stack corruption,recovery,-1002.8
MEM-02 Stack corruption,recovery,-902.8
MEM-02 Stack corruption,recovery,-802.8
MEM-02 Stack corruption,recovery,-702.8
MEM-02 Stack corruption,recovery,-602.8
MEM-02 Stack corruption,recovery,-502.8
MEM-02 Stack corruption,recovery,-402.8
MEM-02 Stack corruption,recovery,-302.8
MEM-02 Stack corruption,recovery,-202.8
MEM-02 Stack corruption,recovery,-102.8
MEM-02 Stack corruption,recovery,-2.8
MEM-02 Stack corruption,recovery,180.2
MEM-02 Stack corruption,recovery,280.2
MEM-02 Stack corruption,recovery,380.1
MEM-02 Stack corruption,recovery,480.1
MEM-02 Stack corruption,recovery,580.1
MEM-02 Stack corruption,recovery,680.1
MEM-02 Stack corruption,recovery,780.1
MEM-02 Stack corruption,recovery,880.1
MEM-02 Stack corruption,recovery,980.1
MEM-02 Stack corruption,recovery,1080.1
MEM-02 Stack corruption,recovery,1180.1
MEM-02 Stack corruption,recovery,1280.1
MEM-02 Stack corruption,recovery,1380.1
MEM-02 Stack corruption,recovery,1480.1
MEM-02 Stack corruption,recovery,1580.1
MEM-02 Stack corruption,recovery,1680.1
MEM-02 Stack corruption,recovery,1780.1
MEM-02 Stack corruption,recovery,1880.1
MEM-02 Stack corruption,recovery,1980.1
MEM-02 Stack corruption,recovery,2080.1
MEM-02 Stack corruption,recovery,2180.1
MEM-02 Stack corruption,recovery,2280.1
MEM-02 Stack corruption,recovery,2380.1
MEM-02 Stack corruption,recovery,2480.1
MEM-02 Stack corruption,recovery,2580.1
MEM-02 Stack corruption,recovery,2680.1
MEM-02 Stack corruption,recovery,2780.1
MEM-02 Stack corruption,recovery,2880.1
MEM-02 Stack corruption,recovery,2980.1
MEM-02 Stack corruption,recovery,3080.1
MEM-02 Stack corruption,recovery,3180.1
MEM-02 Stack corruption,recovery,3280.1
MEM-02 Stack corruption,recovery,3380.1
CPU-01 PC corruption,baseline,-2502.7
CPU-01 PC corruption,baseline,-2402.7
CPU-01 PC corruption,baseline,-2302.7
CPU-01 PC corruption,baseline,-2202.7
CPU-01 PC corruption,baseline,-2102.7
CPU-01 PC corruption,baseline,-2002.7
CPU-01 PC corruption,baseline,-1902.7
CPU-01 PC corruption,baseline,-1802.7
CPU-01 PC corruption,baseline,-1702.7
CPU-01 PC corruption,baseline,-1602.7
CPU-01 PC corruption,baseline,-1502.7
CPU-01 PC corruption,baseline,-1402.7
CPU-01 PC corruption,baseline,-1302.7
CPU-01 PC corruption,baseline,-1202.7
CPU-01 PC corruption,baseline,-1102.7
CPU-01 PC corruption,baseline,-1002.7
CPU-01 PC corruption,baseline,-902.7
CPU-01 PC corruption,baseline,-802.7
CPU-01 PC corruption,baseline,-702.7
CPU-01 PC corruption,baseline,-602.7
CPU-01 PC corruption,baseline,-502.7
CPU-01 PC corruption,baseline,-402.7
CPU-01 PC corruption,baseline,-302.7
CPU-01 PC corruption,baseline,-202.7
CPU-01 PC corruption,baseline,-102.7
CPU-01 PC corruption,recovery,-2502.8
CPU-01 PC corruption,recovery,-2402.8
CPU-01 PC corruption,recovery,-2302.8
CPU-01 PC corruption,recovery,-2202.8
CPU-01 PC corruption,recovery,-2102.8
CPU-01 PC corruption,recovery,-2002.8
CPU-01 PC corruption,recovery,-1902.8
CPU-01 PC corruption,recovery,-1802.8
CPU-01 PC corruption,recovery,-1702.8
CPU-01 PC corruption,recovery,-1602.8
CPU-01 PC corruption,recovery,-1502.8
CPU-01 PC corruption,recovery,-1402.8
CPU-01 PC corruption,recovery,-1302.8
CPU-01 PC corruption,recovery,-1202.8
CPU-01 PC corruption,recovery,-1102.8
CPU-01 PC corruption,recovery,-1002.8
CPU-01 PC corruption,recovery,-902.8
CPU-01 PC corruption,recovery,-802.8
CPU-01 PC corruption,recovery,-702.8
CPU-01 PC corruption,recovery,-602.8
CPU-01 PC corruption,recovery,-502.8
CPU-01 PC corruption,recovery,-402.8
CPU-01 PC corruption,recovery,-302.8
CPU-01 PC corruption,recovery,-202.8
CPU-01 PC corruption,recovery,-102.8
CPU-01 PC corruption,recovery,400.5
CPU-01 PC corruption,recovery,500.5
CPU-01 PC corruption,recovery,600.5
CPU-01 PC corruption,recovery,700.5
CPU-01 PC corruption,recovery,800.5
CPU-01 PC corruption,recovery,900.5
CPU-01 PC corruption,recovery,1000.5
CPU-01 PC corruption,recovery,1100.5
CPU-01 PC corruption,recovery,1200.5
CPU-01 PC corruption,recovery,1300.5
CPU-01 PC corruption,recovery,1400.5
CPU-01 PC corruption,recovery,1500.5
CPU-01 PC corruption,recovery,1600.5
CPU-01 PC corruption,recovery,1700.5
CPU-01 PC corruption,recovery,1800.5
CPU-01 PC corruption,recovery,1900.5
CPU-01 PC corruption,recovery,2000.5
CPU-01 PC corruption,recovery,2100.5
CPU-01 PC corruption,recovery,2200.5
CPU-01 PC corruption,recovery,2300.5
CPU-01 PC corruption,recovery,2400.5
CPU-01 PC corruption,recovery,2500.5
CPU-01 PC corruption,recovery,2600.5
CPU-01 PC corruption,recovery,2700.5
CPU-01 PC corruption,recovery,2800.5
CPU-01 PC corruption,recovery,2900.5
CPU-01 PC corruption,recovery,3000.5
CPU-01 PC corruption,recovery,3100.5
CPU-01 PC corruption,recovery,3200.5
CPU-01 PC corruption,recovery,3300.5
CPU-01 PC corruption,recovery,3400.5
CPU-01 PC corruption,recovery,3500.5
CPU-01 PC corruption,recovery,3600.5
CPU-02 SP corruption,baseline,-2502.7
CPU-02 SP corruption,baseline,-2402.7
CPU-02 SP corruption,baseline,-2302.7
CPU-02 SP corruption,baseline,-2202.7
CPU-02 SP corruption,baseline,-2102.7
CPU-02 SP corruption,baseline,-2002.7
CPU-02 SP corruption,baseline,-1902.7
CPU-02 SP corruption,baseline,-1802.7
CPU-02 SP corruption,baseline,-1702.7
CPU-02 SP corruption,baseline,-1602.7
CPU-02 SP corruption,baseline,-1502.7
CPU-02 SP corruption,baseline,-1402.7
CPU-02 SP corruption,baseline,-1302.7
CPU-02 SP corruption,baseline,-1202.7
CPU-02 SP corruption,baseline,-1102.7
CPU-02 SP corruption,baseline,-1002.7
CPU-02 SP corruption,baseline,-902.7
CPU-02 SP corruption,baseline,-802.7
CPU-02 SP corruption,baseline,-702.7
CPU-02 SP corruption,baseline,-602.7
CPU-02 SP corruption,baseline,-502.7
CPU-02 SP corruption,baseline,-402.7
CPU-02 SP corruption,baseline,-302.7
CPU-02 SP corruption,baseline,-202.7
CPU-02 SP corruption,baseline,-102.7
CPU-02 SP corruption,recovery,-2502.8
CPU-02 SP corruption,recovery,-2402.8
CPU-02 SP corruption,recovery,-2302.8
CPU-02 SP corruption,recovery,-2202.8
CPU-02 SP corruption,recovery,-2102.8
CPU-02 SP corruption,recovery,-2002.8
CPU-02 SP corruption,recovery,-1902.8
CPU-02 SP corruption,recovery,-1802.8
CPU-02 SP corruption,recovery,-1702.8
CPU-02 SP corruption,recovery,-1602.8
CPU-02 SP corruption,recovery,-1502.8
CPU-02 SP corruption,recovery,-1402.8
CPU-02 SP corruption,recovery,-1302.8
CPU-02 SP corruption,recovery,-1202.8
CPU-02 SP corruption,recovery,-1102.8
CPU-02 SP corruption,recovery,-1002.8
CPU-02 SP corruption,recovery,-902.8
CPU-02 SP corruption,recovery,-802.8
CPU-02 SP corruption,recovery,-702.8
CPU-02 SP corruption,recovery,-602.8
CPU-02 SP corruption,recovery,-502.8
CPU-02 SP corruption,recovery,-402.8
CPU-02 SP corruption,recovery,-302.8
CPU-02 SP corruption,recovery,-202.8
CPU-02 SP corruption,recovery,-102.8
CPU-02 SP corruption,recovery,400.5
CPU-02 SP corruption,recovery,500.5
CPU-02 SP corruption,recovery,600.5
CPU-02 SP corruption,recovery,700.5
CPU-02 SP corruption,recovery,800.5
CPU-02 SP corruption,recovery,900.5
CPU-02 SP corruption,recovery,1000.5
CPU-02 SP corruption,recovery,1100.5
CPU-02 SP corruption,recovery,1200.5
CPU-02 SP corruption,recovery,1300.5
CPU-02 SP corruption,recovery,1400.5
CPU-02 SP corruption,recovery,1500.5
CPU-02 SP corruption,recovery,1600.5
CPU-02 SP corruption,recovery,1700.5
CPU-02 SP corruption,recovery,1800.5
CPU-02 SP corruption,recovery,1900.5
CPU-02 SP corruption,recovery,2000.5
CPU-02 SP corruption,recovery,2100.5
CPU-02 SP corruption,recovery,2200.5
CPU-02 SP corruption,recovery,2300.5
CPU-02 SP corruption,recovery,2400.5
CPU-02 SP corruption,recovery,2500.5
CPU-02 SP corruption,recovery,2600.5
CPU-02 SP corruption,recovery,2700.5
CPU-02 SP corruption,recovery,2800.5
CPU-02 SP corruption,recovery,2900.5
CPU-02 SP corruption,recovery,3000.5
CPU-02 SP corruption,recovery,3100.5
CPU-02 SP corruption,recovery,3200.5
CPU-02 SP corruption,recovery,3300.5
CPU-02 SP corruption,recovery,3400.5
CPU-02 SP corruption,recovery,3500.5
CPU-02 SP corruption,recovery,3600.5
PERIPH-01 I2C stuck-low,baseline,-2502.7
PERIPH-01 I2C stuck-low,baseline,-2402.7
PERIPH-01 I2C stuck-low,baseline,-2302.7
PERIPH-01 I2C stuck-low,baseline,-2202.7
PERIPH-01 I2C stuck-low,baseline,-2102.7
PERIPH-01 I2C stuck-low,baseline,-2002.7
PERIPH-01 I2C stuck-low,baseline,-1902.7
PERIPH-01 I2C stuck-low,baseline,-1802.7
PERIPH-01 I2C stuck-low,baseline,-1702.7
PERIPH-01 I2C stuck-low,baseline,-1602.7
PERIPH-01 I2C stuck-low,baseline,-1502.7
PERIPH-01 I2C stuck-low,baseline,-1402.7
PERIPH-01 I2C stuck-low,baseline,-1302.7
PERIPH-01 I2C stuck-low,baseline,-1202.7
PERIPH-01 I2C stuck-low,baseline,-1102.7
PERIPH-01 I2C stuck-low,baseline,-1002.7
PERIPH-01 I2C stuck-low,baseline,-902.7
PERIPH-01 I2C stuck-low,baseline,-802.7
PERIPH-01 I2C stuck-low,baseline,-702.7
PERIPH-01 I2C stuck-low,baseline,-602.7
PERIPH-01 I2C stuck-low,baseline,-502.7
PERIPH-01 I2C stuck-low,baseline,-402.7
PERIPH-01 I2C stuck-low,baseline,-302.7
PERIPH-01 I2C stuck-low,baseline,-202.7
PERIPH-01 I2C stuck-low,baseline,-102.7
PERIPH-01 I2C stuck-low,baseline,-2.7
PERIPH-01 I2C stuck-low,baseline,97.3
PERIPH-01 I2C stuck-low,baseline,197.3
PERIPH-01 I2C stuck-low,baseline,297.3
PERIPH-01 I2C stuck-low,baseline,397.3
PERIPH-01 I2C stuck-low,baseline,497.3
PERIPH-01 I2C stuck-low,baseline,597.3
PERIPH-01 I2C stuck-low,baseline,697.3
PERIPH-01 I2C stuck-low,baseline,797.3
PERIPH-01 I2C stuck-low,baseline,897.3
PERIPH-01 I2C stuck-low,baseline,997.3
PERIPH-01 I2C stuck-low,baseline,1097.3
PERIPH-01 I2C stuck-low,baseline,1197.3
PERIPH-01 I2C stuck-low,baseline,1297.3
PERIPH-01 I2C stuck-low,baseline,1397.3
PERIPH-01 I2C stuck-low,baseline,1497.3
PERIPH-01 I2C stuck-low,baseline,1597.3
PERIPH-01 I2C stuck-low,baseline,1697.3
PERIPH-01 I2C stuck-low,baseline,1797.3
PERIPH-01 I2C stuck-low,baseline,1897.3
PERIPH-01 I2C stuck-low,baseline,1997.3
PERIPH-01 I2C stuck-low,baseline,2097.3
PERIPH-01 I2C stuck-low,baseline,2197.3
PERIPH-01 I2C stuck-low,baseline,2297.3
PERIPH-01 I2C stuck-low,baseline,2397.3
PERIPH-01 I2C stuck-low,baseline,2497.3
PERIPH-01 I2C stuck-low,baseline,2597.3
PERIPH-01 I2C stuck-low,baseline,2697.3
PERIPH-01 I2C stuck-low,baseline,2797.3
PERIPH-01 I2C stuck-low,baseline,2897.3
PERIPH-01 I2C stuck-low,baseline,2997.3
PERIPH-01 I2C stuck-low,recovery,-2502.8
PERIPH-01 I2C stuck-low,recovery,-2402.8
PERIPH-01 I2C stuck-low,recovery,-2302.8
PERIPH-01 I2C stuck-low,recovery,-2202.8
PERIPH-01 I2C stuck-low,recovery,-2102.8
PERIPH-01 I2C stuck-low,recovery,-2002.8
PERIPH-01 I2C stuck-low,recovery,-1902.8
PERIPH-01 I2C stuck-low,recovery,-1802.8
PERIPH-01 I2C stuck-low,recovery,-1702.8
PERIPH-01 I2C stuck-low,recovery,-1602.8
PERIPH-01 I2C stuck-low,recovery,-1502.8
PERIPH-01 I2C stuck-low,recovery,-1402.8
PERIPH-01 I2C stuck-low,recovery,-1302.8
PERIPH-01 I2C stuck-low,recovery,-1202.8
PERIPH-01 I2C stuck-low,recovery,-1102.8
PERIPH-01 I2C stuck-low,recovery,-1002.8
PERIPH-01 I2C stuck-low,recovery,-902.8
PERIPH-01 I2C stuck-low,recovery,-802.8
PERIPH-01 I2C stuck-low,recovery,-702.8
PERIPH-01 I2C stuck-low,recovery,-602.8
PERIPH-01 I2C stuck-low,recovery,-502.8
PERIPH-01 I2C stuck-low,recovery,-402.8
PERIPH-01 I2C stuck-low,recovery,-302.8
PERIPH-01 I2C stuck-low,recovery,-202.8
PERIPH-01 I2C stuck-low,recovery,-102.8
PERIPH-01 I2C stuck-low,recovery,-2.8
PERIPH-01 I2C stuck-low,recovery,97.2
PERIPH-01 I2C stuck-low,recovery,197.2
PERIPH-01 I2C stuck-low,recovery,297.1
PERIPH-01 I2C stuck-low,recovery,388.5
PERIPH-01 I2C stuck-low,recovery,497.1
PERIPH-01 I2C stuck-low,recovery,597.1
PERIPH-01 I2C stuck-low,recovery,697.1
PERIPH-01 I2C stuck-low,recovery,797.1
PERIPH-01 I2C stuck-low,recovery,897.1
PERIPH-01 I2C stuck-low,recovery,997.1
PERIPH-01 I2C stuck-low,recovery,1097.1
PERIPH-01 I2C stuck-low,recovery,1197.1
PERIPH-01 I2C stuck-low,recovery,1297.1
PERIPH-01 I2C stuck-low,recovery,1397.1
PERIPH-01 I2C stuck-low,recovery,1497.2
PERIPH-01 I2C stuck-low,recovery,1597.1
PERIPH-01 I2C stuck-low,recovery,1697.1
PERIPH-01 I2C stuck-low,recovery,1797.1
PERIPH-01 I2C stuck-low,recovery,2107.0
PERIPH-01 I2C stuck-low,recovery,2207.0
PERIPH-01 I2C stuck-low,recovery,2307.0
PERIPH-01 I2C stuck-low,recovery,2418.7
PERIPH-01 I2C stuck-low,recovery,2507.0
PERIPH-01 I2C stuck-low,recovery,2607.0
PERIPH-01 I2C stuck-low,recovery,2707.0
PERIPH-01 I2C stuck-low,recovery,2807.0
PERIPH-01 I2C stuck-low,recovery,2907.0
PERIPH-01 I2C stuck-low,recovery,3007.0
PERIPH-01 I2C stuck-low,recovery,3107.0
PERIPH-01 I2C stuck-low,recovery,3207.0
PERIPH-01 I2C stuck-low,recovery,3307.0
PERIPH-01 I2C stuck-low,recovery,3407.0
PERIPH-01 I2C stuck-low,recovery,3507.0
PERIPH-01 I2C stuck-low,recovery,3607.0
PERIPH-01 I2C stuck-low,recovery,3707.0
PERIPH-01 I2C stuck-low,recovery,3807.0
PERIPH-01 I2C stuck-low,recovery,3907.0
PERIPH-01 I2C stuck-low,recovery,4007.0
PERIPH-01 I2C stuck-low,recovery,4107.0
PERIPH-01 I2C stuck-low,recovery,4207.0
PERIPH-01 I2C stuck-low,recovery,4307.0
PERIPH-01 I2C stuck-low,recovery,4407.0
PERIPH-01 I2C stuck-low,recovery,4507.0
PERIPH-01 I2C stuck-low,recovery,4607.0
PERIPH-01 I2C stuck-low,recovery,4707.0
PERIPH-01 I2C stuck-low,recovery,4807.0
PERIPH-01 I2C stuck-low,recovery,4907.0
PERIPH-01 I2C stuck-low,recovery,5007.0
PERIPH-01 I2C stuck-low,recovery,5107.0
PERIPH-01 I2C stuck-low,recovery,5207.0
PERIPH-01 I2C stuck-low,recovery,5307.0
PERIPH-01 I2C stuck-low,recovery,5407.0
PERIPH-01 I2C stuck-low,recovery,5507.0
PERIPH-01 I2C stuck-low,recovery,5607.0
PERIPH-01 I2C stuck-low,recovery,5707.0
