fault,run,mechanism,latency_cycles,det_cycle,inj_cycle
CPU-01,1,WWDG,10441224,202927226,192486002
CPU-01,2,WWDG,10441224,202927226,192486002
CPU-01,3,WWDG,10441224,202927226,192486002
CPU-02,1,WWDG,10441224,202927226,192486002
CPU-02,2,WWDG,10441224,202927226,192486002
CPU-02,3,WWDG,10441224,202927226,192486002
CPU-03,1,FAULT_HANDLER,457498,437739202,437281704
CPU-03,2,FAULT_HANDLER,457498,437739202,437281704
CPU-03,3,FAULT_HANDLER,457498,437739202,437281704
DATA-01,1,CRC,16763,682095938,682079175
DATA-01,2,CRC,16763,682095938,682079175
DATA-01,3,CRC,16763,682095938,682079175
DATA-02,1,CRC,11916,804497360,804485444
DATA-02,1,REDUNDANT,1632449,806117893,804485444
DATA-02,2,CRC,11916,804497360,804485444
DATA-02,2,REDUNDANT,1632449,806117893,804485444
DATA-02,3,CRC,11916,804497360,804485444
DATA-02,3,REDUNDANT,1632449,806117893,804485444
MEM-01,1,CRC,13682,559693650,559679968
MEM-01,1,REDUNDANT,1302491,560982459,559679968
MEM-01,2,CRC,13682,559693650,559679968
MEM-01,2,REDUNDANT,1302491,560982459,559679968
MEM-01,3,CRC,13682,559693650,559679968
MEM-01,3,REDUNDANT,1302491,560982459,559679968
MEM-02,1,STACK_SEAL,1297512,193783514,192486002
MEM-02,1,WWDG,17641224,210127226,192486002
MEM-02,2,STACK_SEAL,1297512,193783514,192486002
MEM-02,2,WWDG,17641224,210127226,192486002
MEM-02,3,STACK_SEAL,1297512,193783514,192486002
MEM-02,3,WWDG,17641224,210127226,192486002
MEM-03,1,STACK_CANARY,450938,192936940,192486002
MEM-03,2,STACK_CANARY,450938,192936940,192486002
MEM-03,3,STACK_CANARY,450938,192936940,192486002
MEM-04,1,STACK_PAINT,613279,315496629,314883350
MEM-04,2,STACK_PAINT,613279,315496629,314883350
MEM-04,3,STACK_PAINT,613279,315496629,314883350
PERIPH-01,1,I2C_TIMEOUT,23263326,950139567,926876241
PERIPH-01,2,I2C_TIMEOUT,23263326,950139567,926876241
PERIPH-01,3,I2C_TIMEOUT,23263326,950139567,926876241
TIM-01,1,WWDG,10441224,202927226,192486002
TIM-01,2,WWDG,10441224,202927226,192486002
TIM-01,3,WWDG,10441224,202927226,192486002
TIM-02,1,HEARTBEAT,23482408,215968410,192486002
TIM-02,2,HEARTBEAT,23482408,215968410,192486002
TIM-02,3,HEARTBEAT,23482408,215968410,192486002
