fault,run,mechanism,inj_cycle,det_cycle,latency_cycles
MEM-01,1,CRC,192827736,192840630,12894
MEM-01,1,REDUNDANT,192827736,194164906,1337170
MEM-01,2,CRC,192827736,192840630,12894
MEM-01,2,REDUNDANT,192827736,194164906,1337170
MEM-01,3,CRC,192827736,192840630,12894
MEM-01,3,REDUNDANT,192827736,194164906,1337170
MEM-02,1,STACK_SEAL,192827736,194125878,1298142
MEM-02,2,STACK_SEAL,192827736,194125878,1298142
MEM-02,3,STACK_SEAL,192827736,194125878,1298142
CPU-01,1,WWDG,192827736,203268528,10440792
CPU-01,2,WWDG,192827736,203268528,10440792
CPU-01,3,WWDG,192827736,203268528,10440792
CPU-02,1,WWDG,192827736,203268528,10440792
CPU-02,2,WWDG,192827736,203268528,10440792
CPU-02,3,WWDG,192827736,203268528,10440792
TIM-01,1,WWDG,192827736,203268528,10440792
TIM-01,2,WWDG,192827736,203268528,10440792
TIM-01,3,WWDG,192827736,203268528,10440792
TIM-02,1,HEARTBEAT,192827736,216354658,23526922
TIM-02,2,HEARTBEAT,192827736,216354658,23526922
TIM-02,3,HEARTBEAT,192827736,216354658,23526922
DATA-01,1,CRC,192827736,192843726,15990
DATA-01,2,CRC,192827736,192843726,15990
DATA-01,3,CRC,192827736,192843726,15990
DATA-02,1,CRC,192827736,192840522,12786
DATA-02,1,REDUNDANT,192827736,194170666,1342930
DATA-02,2,CRC,192827736,192840522,12786
DATA-02,2,REDUNDANT,192827736,194170666,1342930
DATA-02,3,CRC,192827736,192840522,12786
DATA-02,3,REDUNDANT,192827736,194170666,1342930
PERIPH-01,1,I2C_TIMEOUT,192827736,216091464,23263728
PERIPH-01,1,I2C_TIMEOUT,192827736,360801610,167973874
PERIPH-01,2,I2C_TIMEOUT,192827736,216091464,23263728
PERIPH-01,2,I2C_TIMEOUT,192827736,360801610,167973874
PERIPH-01,3,I2C_TIMEOUT,192827736,216091464,23263728
PERIPH-01,3,I2C_TIMEOUT,192827736,360801615,167973879
MEM-03,1,STACK_CANARY,1251214373,1251665496,451123
MEM-03,2,STACK_CANARY,1251214373,1251665496,451123
MEM-03,3,STACK_CANARY,1251214373,1251665496,451123
MEM-04,1,STACK_PAINT,1617471557,1617892722,421165
MEM-04,2,STACK_PAINT,1617471557,1617892722,421165
MEM-04,3,STACK_PAINT,1617471557,1617892722,421165
CPU-03,1,FAULT_HANDLER,192827736,193284294,456558
CPU-03,2,FAULT_HANDLER,192827736,193284294,456558
CPU-03,3,FAULT_HANDLER,192827736,193284294,456558
TIM-03,1,HEARTBEAT,192827736,216354658,23526922
TIM-03,1,HEARTBEAT,192827736,363838137,171010401
TIM-03,2,HEARTBEAT,192827736,216354658,23526922
TIM-03,2,HEARTBEAT,192827736,363838141,171010405
TIM-03,3,HEARTBEAT,192827736,216354658,23526922
TIM-03,3,HEARTBEAT,192827736,363838141,171010405
