source,exp,mech,select_cycle,inject_cycle,inject_t_ms,target_cycle,trigger_error_cycles,before,after
scenario_run1,FI-TEST_001,UART,298648819,300491452,4171,,,0xC0FFEE00,0xC0FFEE01
scenario_run1,FI-TEST_002,UART,317508380,322083158,4471,,,0xC0FFEE00,0xC0FFEE01
scenario_run1,FI-TEST_003,UART,339109918,343682823,4771,,,0xC0FFEE00,0xC0FFEE01
scenario_run1,FI-TEST_004,TIMER,505621915,541634911,7521,541627765,7146,0xC0FFEE00,0xC0FFEE01
scenario_run1,FI-TEST_005,TIMER,556027892,644888888,8955,644881742,7146,0xC0FFEE00,0xC0FFEE01
scenario_run2,FI-TEST_001,UART,298648819,300491452,4171,,,0xC0FFEE00,0xC0FFEE01
scenario_run2,FI-TEST_002,UART,317508380,322083158,4471,,,0xC0FFEE00,0xC0FFEE01
scenario_run2,FI-TEST_003,UART,339109918,343682823,4771,,,0xC0FFEE00,0xC0FFEE01
scenario_run2,FI-TEST_004,TIMER,505621915,541634911,7521,541627765,7146,0xC0FFEE00,0xC0FFEE01
scenario_run2,FI-TEST_005,TIMER,556027892,644888888,8955,644881742,7146,0xC0FFEE00,0xC0FFEE01
scenario_run3,FI-TEST_001,UART,298648819,300491452,4171,,,0xC0FFEE00,0xC0FFEE01
scenario_run3,FI-TEST_002,UART,317508380,322083158,4471,,,0xC0FFEE00,0xC0FFEE01
scenario_run3,FI-TEST_003,UART,339109918,343682823,4771,,,0xC0FFEE00,0xC0FFEE01
scenario_run3,FI-TEST_004,TIMER,505621915,541634911,7521,541627765,7146,0xC0FFEE00,0xC0FFEE01
scenario_run3,FI-TEST_005,TIMER,556027892,644888888,8955,644881742,7146,0xC0FFEE00,0xC0FFEE01
gdb_run1,FI-TEST_001,GDB,7032115,12488448,171,,,0xC0FFEE00,0xC0FFEE01
gdb_run2,FI-TEST_001,GDB,7032115,12488448,171,,,0xC0FFEE00,0xC0FFEE01
gdb_run3,FI-TEST_001,GDB,7032115,12488448,171,,,0xC0FFEE00,0xC0FFEE01
