scenario,run,fault,attempt,level,action,success,start_cycle,end_cycle,time_cycles,reason,verified
g1,1,MEM-01,1,2,config_restore,True,195469690,207247216,11777526,,config_ok_and_output_matches_checkpoint
g1,1,DATA-01,2,2,sample_restore,True,547242495,560040515,12798020,,input_normal_3_cycles
g1,1,DATA-02,3,2,config_restore,True,901055452,912838068,11782616,,config_ok_and_output_matches_checkpoint
g1,1,MEM-03,4,1,task_restart_sensor,True,1254623184,1279122912,24499728,,heartbeats_advancing_and_sensor_ok
g1,1,MEM-04,5,1,task_restart_control,True,1620594234,1639117026,18522792,,heartbeats_advancing_and_sensor_ok
g1,1,MEM-02,6,1,task_restart_sensor,True,1981093140,2006205192,25112052,,heartbeats_advancing_and_sensor_ok
g1,1,TIM-02,7,1,task_restart_sensor,True,2370173530,2395006868,24833338,,heartbeats_advancing_and_sensor_ok
g1,2,MEM-01,1,2,config_restore,True,195469690,207247216,11777526,,config_ok_and_output_matches_checkpoint
g1,2,DATA-01,2,2,sample_restore,True,547242495,560040515,12798020,,input_normal_3_cycles
g1,2,DATA-02,3,2,config_restore,True,901055452,912838068,11782616,,config_ok_and_output_matches_checkpoint
g1,2,MEM-03,4,1,task_restart_sensor,True,1254623184,1279122912,24499728,,heartbeats_advancing_and_sensor_ok
g1,2,MEM-04,5,1,task_restart_control,True,1620594234,1639117026,18522792,,heartbeats_advancing_and_sensor_ok
g1,2,MEM-02,6,1,task_restart_sensor,True,1981093140,2006205192,25112052,,heartbeats_advancing_and_sensor_ok
g1,2,TIM-02,7,1,task_restart_sensor,True,2370173530,2395006868,24833338,,heartbeats_advancing_and_sensor_ok
g1,3,MEM-01,1,2,config_restore,True,195469690,207247216,11777526,,config_ok_and_output_matches_checkpoint
g1,3,DATA-01,2,2,sample_restore,True,547242495,560040515,12798020,,input_normal_3_cycles
g1,3,DATA-02,3,2,config_restore,True,901055452,912838068,11782616,,config_ok_and_output_matches_checkpoint
g1,3,MEM-03,4,1,task_restart_sensor,True,1254623184,1279122912,24499728,,heartbeats_advancing_and_sensor_ok
g1,3,MEM-04,5,1,task_restart_control,True,1620594234,1639117026,18522792,,heartbeats_advancing_and_sensor_ok
g1,3,MEM-02,6,1,task_restart_sensor,True,1981093140,2006205192,25112052,,heartbeats_advancing_and_sensor_ok
g1,3,TIM-02,7,1,task_restart_sensor,True,2370173530,2395006868,24833338,,heartbeats_advancing_and_sensor_ok
tim01,1,TIM-01,1,3,wwdg_reset,True,204523393,237079158,32555765,,tasks_running_after_reset
tim01,2,TIM-01,1,3,wwdg_reset,True,204523393,237079158,32555765,,tasks_running_after_reset
tim01,3,TIM-01,1,3,wwdg_reset,True,204523393,237079163,32555770,,tasks_running_after_reset
cpu01,1,CPU-01,1,3,wwdg_reset,True,204523393,237079163,32555770,,tasks_running_after_reset
cpu01,2,CPU-01,1,3,wwdg_reset,True,204523393,237079163,32555770,,tasks_running_after_reset
cpu01,3,CPU-01,1,3,wwdg_reset,True,204523393,237079158,32555765,,tasks_running_after_reset
cpu02,1,CPU-02,1,3,wwdg_reset,True,204523393,237079158,32555765,,tasks_running_after_reset
cpu02,2,CPU-02,1,3,wwdg_reset,True,204523393,237079163,32555770,,tasks_running_after_reset
cpu02,3,CPU-02,1,3,wwdg_reset,True,204523393,237079163,32555770,,tasks_running_after_reset
cpu03,1,CPU-03,1,3,software_reset,True,196205049,229190669,32985620,,tasks_running_after_reset
cpu03,2,CPU-03,1,3,software_reset,True,196205049,229190664,32985615,,tasks_running_after_reset
cpu03,3,CPU-03,1,3,software_reset,True,196205049,229190664,32985615,,tasks_running_after_reset
periph,1,PERIPH-01,1,1,i2c_bus_recovery,False,217338776,325748569,,no_normal_operation_within_timeout,
periph,1,PERIPH-01,2,3,software_reset,False,327719470,361925260,,fault_repeated_before_verified,
periph,1,PERIPH-01,3,1,i2c_bus_recovery,True,363697643,388386646,24689003,,sensor_reads_ok
periph,2,PERIPH-01,1,1,i2c_bus_recovery,False,217338776,325748569,,no_normal_operation_within_timeout,
periph,2,PERIPH-01,2,3,software_reset,False,327719470,361925260,,fault_repeated_before_verified,
periph,2,PERIPH-01,3,1,i2c_bus_recovery,True,363697643,388386646,24689003,,sensor_reads_ok
periph,3,PERIPH-01,1,1,i2c_bus_recovery,False,217338776,325748569,,no_normal_operation_within_timeout,
periph,3,PERIPH-01,2,3,software_reset,False,327719470,361925265,,fault_repeated_before_verified,
periph,3,PERIPH-01,3,1,i2c_bus_recovery,True,363697648,388386651,24689003,,sensor_reads_ok
safe_rep,1,TIM-01,1,3,wwdg_reset,True,204523393,237079163,32555770,,tasks_running_after_reset
safe_rep,1,TIM-01,2,3,wwdg_reset,True,327524168,360082179,32558011,,tasks_running_after_reset
safe_rep,1,TIM-01,3,3,wwdg_reset,True,450528930,483097012,32568082,,tasks_running_after_reset
safe_rep,1,TIM-01,4,4,safe_state,True,573544087,724677812,151133725,,safe_state_stable_2s
safe_rep,2,TIM-01,1,3,wwdg_reset,True,204523393,237079158,32555765,,tasks_running_after_reset
safe_rep,2,TIM-01,2,3,wwdg_reset,True,327524091,360081613,32557522,,tasks_running_after_reset
safe_rep,2,TIM-01,3,3,wwdg_reset,True,450527991,483095924,32567933,,tasks_running_after_reset
safe_rep,2,TIM-01,4,4,safe_state,True,573542979,724676975,151133996,,safe_state_stable_2s
safe_rep,3,TIM-01,1,3,wwdg_reset,True,204523393,237079163,32555770,,tasks_running_after_reset
safe_rep,3,TIM-01,2,3,wwdg_reset,True,327524168,360082179,32558011,,tasks_running_after_reset
safe_rep,3,TIM-01,3,3,wwdg_reset,True,450528930,483097025,32568095,,tasks_running_after_reset
safe_rep,3,TIM-01,4,4,safe_state,True,573544117,724678208,151134091,,safe_state_stable_2s
safe_fail,1,TIM-03,1,1,task_restart_sensor,False,218051421,327188477,,no_normal_operation_within_timeout,
safe_fail,1,TIM-03,2,3,software_reset,False,329167748,365010647,,fault_repeated_before_verified,
safe_fail,1,TIM-03,3,1,task_restart_sensor,False,366907096,476155659,,no_normal_operation_within_timeout,
safe_fail,1,TIM-03,4,4,safe_state,True,477928140,629386971,151458831,,safe_state_stable_2s
safe_fail,2,TIM-03,1,1,task_restart_sensor,False,218051421,327188477,,no_normal_operation_within_timeout,
safe_fail,2,TIM-03,2,3,software_reset,False,329167748,365010651,,fault_repeated_before_verified,
safe_fail,2,TIM-03,3,1,task_restart_sensor,False,366907082,476155663,,no_normal_operation_within_timeout,
safe_fail,2,TIM-03,4,4,safe_state,True,477928144,629386993,151458849,,safe_state_stable_2s
safe_fail,3,TIM-03,1,1,task_restart_sensor,False,218051421,327188477,,no_normal_operation_within_timeout,
safe_fail,3,TIM-03,2,3,software_reset,False,329167748,365010651,,fault_repeated_before_verified,
safe_fail,3,TIM-03,3,1,task_restart_sensor,False,366907082,476155663,,no_normal_operation_within_timeout,
safe_fail,3,TIM-03,4,4,safe_state,True,477928144,629386993,151458849,,safe_state_stable_2s
e_mem01_rec,1,MEM-01,1,2,config_restore,True,195469690,207247216,11777526,,config_ok_and_output_matches_checkpoint
e_mem01_rec,2,MEM-01,1,2,config_restore,True,195469690,207247216,11777526,,config_ok_and_output_matches_checkpoint
e_mem01_rec,3,MEM-01,1,2,config_restore,True,195469690,207247216,11777526,,config_ok_and_output_matches_checkpoint
e_mem02_rec,1,MEM-02,1,1,task_restart_sensor,True,196525214,220636989,24111775,,heartbeats_advancing_and_sensor_ok
e_mem02_rec,2,MEM-02,1,1,task_restart_sensor,True,196525214,220636989,24111775,,heartbeats_advancing_and_sensor_ok
e_mem02_rec,3,MEM-02,1,1,task_restart_sensor,True,196525214,220636989,24111775,,heartbeats_advancing_and_sensor_ok
e_tim02_rec,1,TIM-02,1,1,task_restart_sensor,True,218051547,243669674,25618127,,heartbeats_advancing_and_sensor_ok
e_tim02_rec,2,TIM-02,1,1,task_restart_sensor,True,218051547,243669674,25618127,,heartbeats_advancing_and_sensor_ok
e_tim02_rec,3,TIM-02,1,1,task_restart_sensor,True,218051547,243669674,25618127,,heartbeats_advancing_and_sensor_ok
e_data01_rec,1,DATA-01,1,2,sample_restore,True,194441114,207245344,12804230,,input_normal_3_cycles
e_data01_rec,2,DATA-01,1,2,sample_restore,True,194441114,207245344,12804230,,input_normal_3_cycles
e_data01_rec,3,DATA-01,1,2,sample_restore,True,194441114,207245344,12804230,,input_normal_3_cycles
e_data02_rec,1,DATA-02,1,2,config_restore,True,195443352,207247216,11803864,,config_ok_and_output_matches_checkpoint
e_data02_rec,2,DATA-02,1,2,config_restore,True,195443352,207247216,11803864,,config_ok_and_output_matches_checkpoint
e_data02_rec,3,DATA-02,1,2,config_restore,True,195443352,207247216,11803864,,config_ok_and_output_matches_checkpoint
